{
  "estimated": {
    "bedrockCost": 0.07200000000000001,
    "pollyCost": 0.016,
    "s3StorageCost": 0.00123759765625,
    "s3RequestCost": 0.00002,
    "dynamoDBCost": 0.000009999999999999999,
    "totalCost": 0.08926759765625002,
    "currency": "USD"
  },
  "actual": {
    "bedrockCost": 0,
    "pollyCost": 0,
    "s3StorageCost": 0,
    "s3RequestCost": 0,
    "dynamoDBCost": 0,
    "totalCost": 0,
    "currency": "USD"
  },
  "variance": {
    "bedrock": -0.07200000000000001,
    "polly": -0.016,
    "s3Storage": -0.00123759765625,
    "s3Requests": -0.00002,
    "dynamoDB": -0.000009999999999999999,
    "total": -0.08926759765625002,
    "totalPercent": -100
  }
}